id,title,content,author_id,author_avatar_url,category,tags_json,latitude,longitude,start_at,end_at,is_all_day,event_date,expire_date,event_image,address,view_count,popularity_score,created_at,updated_at
,鹿児島市立少年合唱隊　第52回定期演奏会,"鹿児島市立少年合唱隊の52回目の定期演奏会です。




program

希La 喜La ♪ 2025 〜春に〜

鹿児島のわらべうた組曲

映画「メリー・ポピンズ」ナンバーより抜粋

WE LOVE  MUSIC 少年少女のための合唱組曲より　きっと　ほんとは　みんな　　他




指揮　吉倉邦子・福山純子
伴奏　蜷川朋子",,,event,"[""音楽"",""教育""]",31.5966,130.5571,2026-03-20T15:00:00.000Z,2026-03-20T15:00:00.000Z,false,2026-03-20T15:00:00.000Z,2026-03-20T15:00:00.000Z,https://www.kcic.jp/admin/wp-content/uploads/2026/02/0ed8af1edb054f1be4e17251e4ba6c55.jpg,谷山サザンホール,0,0,2026-02-16T05:12:20.312Z,2026-02-16T05:12:20.312Z
,羽野昌二／Kristian Enkerud Lien／Emil Bø／Chumakino,ジャズやフリーの概念を超えて日本音楽シーンにその異彩を放ち続け、ピーターブロッツマン、灰野敬二との共作など経て現在も精力的に活動を続けるドラマー羽野昌二と、平均律や物理現象から着想を得た独創的な音楽を追求するノルウェーのギタリスト、Kristian Enkerud Lien、同じくノルウェー出身のジャズトロンボーン奏者で2023年オスロ・ジャズフェスティバルにてタレント賞を受賞し爆発的な演奏力と多彩な表現力を持つEmil Bøが鹿児島に。鹿児島在住のボイスパフォーマーChumakinoとの共演です。,,,event,"[""音楽"",""美術"",""国際交流"",""教育""]",31.5966,130.5571,2026-04-24T15:00:00.000Z,2026-04-24T15:00:00.000Z,false,2026-04-24T15:00:00.000Z,2026-04-24T15:00:00.000Z,https://www.kcic.jp/admin/wp-content/uploads/2026/02/90486_1a7aa39f97408a19db36aea79c606193.jpg,Bar IPANEMA,0,0,2026-02-16T05:12:20.312Z,2026-02-16T05:12:20.312Z
,ランチタイムコンサート,"毎週金曜日の12時20分から12時50分まで、鹿児島市役所みなと大通り別館1階、市民アートギャラリー内でランチタイムコンサートを開催いたします。

無料でどなたでもご覧いただけます。







【今週のランチタイムコンサー演奏予定】




～ 第862回～ 2月20日(金)




出　演 ： 四本美海・剥岩霞・藤田佳奈恵（ピアノ）

曲　目 ： 献呈S.566 R.253
　　　　  ソナタ第14番「月光」第3楽章Op.27-2
　　　　  ソナタ第3番第1楽章Op.58













【今後の演奏予定】

～ 第863回～ 2月27日(金)




出　演 ： 奥光李（ピアノ）

曲　目 ： 主よ、人の望みの喜びよBWV147
　　　　  ピアノソナタ第27番Op.90第2楽章
　　　　  エレジーOp.3-1







～ 第864回～ 3月6日(金)




出　演 ： 橋本さとみ（ソプラノ）、小原富士江（フルート）、高取裕美（ピアノ）

曲　目 ： 城ヶ島の雨 / 北原白秋 詞、 橋本國彦 曲
　　　　 悲しくなったときは / 寺山修司 詞、 中田喜直 曲
　　　　 髪 / 原條あき子 詞 、中田喜直 曲",,,event,"[""音楽"",""その他""]",31.5966,130.5571,2026-02-19T15:00:00.000Z,2026-02-19T15:00:00.000Z,false,2026-02-19T15:00:00.000Z,2026-02-19T15:00:00.000Z,https://www.kcic.jp/admin/wp-content/uploads/2026/02/3aa34153cca0af09129477891682d9e6.png,鹿児島市役所みなと大通り別館１階　市民アートギャラリー,0,0,2026-02-16T05:12:20.312Z,2026-02-16T05:12:20.312Z
,Cruise around the world 大社正照世界を巡る ～撮影紀行・後編～写真展,「ピースボート地球一周の船旅 （V118）」で寄港した世界各地の写真展。世界遺産やオーロラ、野生動物など様々なシーンの写真を鑑賞できます。期間中にギャラリートークも開催いたします。詳細はハルのホームページをご覧ください。家族揃って世界一周気分を体験しよう。,,,event,"[""美術"",""その他"",""国際交流""]",31.5966,130.5571,2026-03-26T15:00:00.000Z,2026-04-20T15:00:00.000Z,false,2026-03-26T15:00:00.000Z,2026-04-20T15:00:00.000Z,https://www.kcic.jp/admin/wp-content/uploads/2026/02/90467_world2_pv1.jpg,アートスペース＆ショップ ハル（平之町）,0,0,2026-02-16T05:12:20.312Z,2026-02-16T05:12:20.312Z
,ハル企画展   「ちょこっと桜島と猫の写真展〜同時開催〜ちょこっと見える 桜島写真」募集！,視界いっぱいに広がる街や自然の景色中に、遠景としてちょこっと見える桜島が溶け込んでいる、魅力的な写真や桜島を中心に鹿児島で見つけた愛らしい猫の写真も展示します！！また、期間中に募集した、皆様の「ちょこっと見える桜島」も展示予定です。ご応募お待ちしております！！,,,event,"[""募集・支援情報"",""美術"",""観光""]",31.5966,130.5571,2026-03-05T15:00:00.000Z,2026-03-15T15:00:00.000Z,false,2026-03-05T15:00:00.000Z,2026-03-15T15:00:00.000Z,https://www.kcic.jp/admin/wp-content/uploads/2026/02/90464_sakurajima_pv-scaled.jpg,アートスペース＆ショップ ハル（平之町）,0,0,2026-02-16T05:12:20.312Z,2026-02-16T05:12:20.312Z
,きょうはたのしいひなまつりin鹿児島,"▶名古屋から吶喊がやってくる◀
名古屋を中心に活動するハードコアデコレーションユニット吶喊が鹿児島に！
大掛かりな段ボールを使った装飾や顔出しパネルの制作、また参加するお客さんを交えての大掛かりな会場作りが特徴の装飾ユニット吶喊が鹿児島に。
今回のテーマはズバリ「ひなまつり×ギャル」
吶喊による異次元の空間作りで大人のためのひなまつりをご提案、、！？！？見た人にしかわからない！体験するには来るしかない！
今回は天文館イパネマ、凡の二会場での開催！
音楽と共にスーパーな吶喊ワールドに酔いしれてください！",,,event,"[""音楽"",""美術"",""国際交流"",""環境"",""その他""]",31.5966,130.5571,2026-03-06T15:00:00.000Z,2026-03-06T15:00:00.000Z,false,2026-03-06T15:00:00.000Z,2026-03-06T15:00:00.000Z,https://www.kcic.jp/admin/wp-content/uploads/2026/02/90450_135487.jpg,Bar IPANEMA／Cafe 凡,0,0,2026-02-16T05:12:20.312Z,2026-02-16T05:12:20.312Z
,春の企画展「収蔵庫から こんにちは」,"この度、長島美術館のコレクションの中から、常設では展示されていない作品をご紹介いたします。
 　県内外の作家の中から、まず鹿児島に縁のある作家として、初代鹿児島市立美術館の館長となった谷口午二、日本抽象絵画の先駆者であり武蔵野美術大学の教授を務めた山口長男、文化勲章受章や文化功労者に選出され鹿児島の美術の発展に貢献した吉井淳二。
　また青森出身の斎藤義重や、女性洋画家として初めて文化功労者となった愛知県出身の三岸節子など、個性豊かな作家の作品を展示致します。
 　普段はなかなかご覧いただくことができない作品ですが、今回の展示により、それぞれの魅力を発見していただく企画展です。",,,event,"[""美術"",""教育"",""その他"",""観光""]",31.5966,130.5571,2026-02-10T15:00:00.000Z,2026-04-05T15:00:00.000Z,false,2026-02-10T15:00:00.000Z,2026-04-05T15:00:00.000Z,https://www.kcic.jp/admin/wp-content/uploads/2026/02/90445_8620f44cafb0808c74994d0712efe452-scaled.jpg,長島美術館　本館第7展示室,0,0,2026-02-16T05:12:20.312Z,2026-02-16T05:12:20.312Z
,2026年度助成｜公益財団法人天一美術文化財団,"1.趣旨
芸術全般に渉る助成
美術分野における優れた振興及び普及活動に対する助成及び顕彰。

2.助成の内容
意欲的な美術教育、美術活動。
芸術全般にわたる個々の研究活動に関する未発表の論文ならびに研究発表。
未発表の美術作品。
(ワークショップと講演)　　　　　　　　　　　　　　　　

3.応募方法
助成対象者：美術分野の研究者＜専門・一般＞＜個人・団体 各１人(組) ＞
募　　　集：ホームページ：http://tenichi-museum.com/
　　　　　　助成センター・上毛新聞・銀座百点
　　　　　　各藝術大学、美術関係の講座を持つ大学への案内等により公告
期　　　間：2025年12月1日～2026年8月末日締切り≪必着≫
選　　　考：2026年 9月　助成審査委員会に於いて
発　　　表：2026年 9月中インターネット上で発表・本人通知
　　　　　　2027年 4月に発表会開催
助　成　金：総額50万円（交通費諸費用別途）
発表 日程：受賞者との打ち合わせにより後日発表
提　出　物：1) 経歴書
　　　　　　2) 論文、作品、活動とそれに伴う資料（写真等）
　　　　　　3) ワークショップ並びに講演、あるいは報告の具体的内容
　　　　　　　 を添えて下記財団事務局まで、ご郵送ください。
　　　　　　　　　　　　　　　　　　　　　≪ご提出書類はご返却いたしません。≫

4.応募書類提出先
宛　　先：公益財団法人 天一美術文化財団　事務局　助成係
住　　所：〒104-0061　東京都中央区銀座6-7-15　第二岩月ビル7階
e メール：y.kikuchi@tenichi.co.jp
電話 Fax：TEL(03)3571-5711　fax(03)3571-1309




お問い合わせ

開館時間 9:30 17:00（16:30 受付終了）

問合せ先 TEL:0278-20-4111　




詳しくは助成団体のWEBサイトよりご確認ください。

2026年度助成の募集について | 公益財団法人天一美術文化財団",,,event,"[""募集・支援情報"",""美術"",""その他""]",31.5966,130.5571,2025-11-30T15:00:00.000Z,2026-08-30T15:00:00.000Z,true,2025-11-30T15:00:00.000Z,2026-08-30T15:00:00.000Z,https://www.kcic.jp/admin/wp-content/uploads/2026/02/image0-61.jpeg,,0,0,2026-02-16T05:12:20.312Z,2026-02-16T05:12:20.312Z
,NEXUS 96,"NEXUS 96  /  「当たり前の日常から非日常の遊び場」
📅 2025.02.21（FRI）
📍 DUCKBILL KAGOSHIMA
@club_duckbill 
🕘 OPEN：21:00
💰 DOOR：¥3,000(1D付き)

[Special Guest]
@hiratemarino 
DMC JAPAN 2025 CHMAPION👑

[Guest]
@otairecord_yosuke 
OTAI Record C.E.O

[DJ]
@rusk_the_dj_nexus96 
J-SPOT GRAND PRIX 2025 CHMAPION👑
@takestif",,,event,"[""音楽"",""教育"",""環境""]",31.5966,130.5571,2026-02-20T15:00:00.000Z,2026-02-20T15:00:00.000Z,false,2026-02-20T15:00:00.000Z,2026-02-20T15:00:00.000Z,https://www.kcic.jp/admin/wp-content/uploads/2026/02/90426_IMG_0238-scaled.jpeg,DUCKBILL,0,0,2026-02-16T05:12:20.312Z,2026-02-16T05:12:20.312Z
,Track Making for Absolute Beginners Kagoshima,"Track Making for Absolute Beginners Kagoshima
■ 開催概要

会場：K LINK（鹿児島）
スタジオキャパ：20名

■ 日程

2026年2月21日（土）

■ 昼の部：トラックメイク講座（初心者・未経験者向け）

15:00-18:00
トラックメイク講座（Ableton使用）

内容

HIPHOPトラックメイク基礎

DTM超入門

ラッパー向けトラック制作の考え方

REMIXの基本

ゼロから1曲を組み立てる方法

参加費

講座のみ：2,000円

昼夜通し：3,000円

※事前応募フォーム制",,,event,"[""音楽"",""教育"",""環境""]",31.5966,130.5571,2026-02-20T15:00:00.000Z,2026-02-20T15:00:00.000Z,false,2026-02-20T15:00:00.000Z,2026-02-20T15:00:00.000Z,https://www.kcic.jp/admin/wp-content/uploads/2026/02/90423_IMG_0240-scaled.jpeg,K-LINK 鹿児島,0,0,2026-02-16T05:12:20.312Z,2026-02-16T05:12:20.312Z
,第7回みつばちの学校Spring Concert,32年続いた「メダカの学校かごしま」の「自然を大切に」のコンセプトを継承し、心に響く童謡唱歌を中心に演奏を行ないます。,,,event,"[""音楽"",""環境""]",31.5966,130.5571,2026-03-13T15:00:00.000Z,2026-03-13T15:00:00.000Z,false,2026-03-13T15:00:00.000Z,2026-03-13T15:00:00.000Z,https://www.kcic.jp/admin/wp-content/uploads/2026/02/90420_IMG_2406.jpeg,サンエール鹿児島,0,0,2026-02-16T05:12:20.312Z,2026-02-16T05:12:20.312Z
,鹿児島県松陽高等学校吹奏楽部 スプリングコンサート2026,5月に開催される第55回日本吹奏楽指導者クリニックへの出演を記念してのコンサートになります。客演指揮者としてバンドディテクターの中村俊哉氏をお招きしました。2026年度全日本吹奏楽コンクール課題曲 全４曲を演奏予定です。ぜひお出かけください。,,,event,"[""音楽"",""教育""]",31.5966,130.5571,2026-03-21T15:00:00.000Z,2026-03-21T15:00:00.000Z,false,2026-03-21T15:00:00.000Z,2026-03-21T15:00:00.000Z,https://www.kcic.jp/admin/wp-content/uploads/2026/02/90402_ff74321120fa13f5c097c3fd06272d15-scaled.jpg,川商ホール（第一）（鹿児島市与次郎）,0,0,2026-02-16T05:12:20.312Z,2026-02-16T05:12:20.312Z
,かごしま近代文学館企画展「島尾敏雄の本棚」関連講座　参加者募集,"【講座①】 「世界史家としての島尾敏雄─講義ノートの分析から」
日時：2月23日（月・祝）14時～15時30分　
講師：小田龍哉氏（同志社大学人文科学研究所嘱託研究員）　

【講座②】 「『死の棘』のなかの本、『死の棘』をつくった本─島尾敏雄旧蔵書から」
日時：3月21日（土）14時～15時30分　
講師：多田蔵人氏（国文学研究資料館准教授）

定員はどちらも60名で、申込先着順です。参加費として本企画展観覧券をご購入いただきます。申込は、館HP専用申込フォームまたは電話(099-226-7771)から。詳しくは館HPをご確認ください。",,,event,"[""募集・支援情報"",""その他""]",31.5966,130.5571,2026-02-22T15:00:00.000Z,2026-03-20T15:00:00.000Z,false,2026-02-22T15:00:00.000Z,2026-03-20T15:00:00.000Z,https://www.kcic.jp/admin/wp-content/uploads/2026/02/90391_9db76cde88c3621f0cc897440e7898e6.jpg,かごしま近代文学館　地下1階　メルヘンホール,0,0,2026-02-16T05:12:20.312Z,2026-02-16T05:12:20.312Z
,ランチタイムコンサート,"毎週金曜日の12時20分から12時50分まで、鹿児島市役所みなと大通り別館1階、市民アートギャラリー内でランチタイムコンサートを開催いたします。

無料でどなたでもご覧いただけます。







【今週のランチタイムコンサー演奏予定】




～ 第861回～ 2月13日(金)




出　演 ： 橋本嵐（サクソフォン）、中村慈音（ピアノ）

曲　目 ： いつか王子様が / F.チャーチル 作曲
                リベルタンゴ / A.ピアソラ 作曲
                ドリーミング・ストーン/ 松浦真沙 作曲













【今後の演奏予定】

～ 第862回～ 2月20日(金)




出　演 ： 四本美海・剥岩霞・藤田佳奈恵（ピアノ）

曲　目 ： 献呈S.566 R.253
　　　　  ソナタ第14番「月光」第3楽章Op.27-2
　　　　  ソナタ第3番第1楽章Op.58







～ 第863回～ 2月27日(金)




出　演 ： 奥光李（ピアノ）

曲　目 ： 主よ、人の望みの喜びよBWV147
　　　　 ピアノソナタ第27番Op.90第2楽章
　　　　 エレジーOp.3-1",,,event,"[""音楽"",""その他""]",31.5966,130.5571,2026-02-12T15:00:00.000Z,2026-02-12T15:00:00.000Z,false,2026-02-12T15:00:00.000Z,2026-02-12T15:00:00.000Z,https://www.kcic.jp/admin/wp-content/uploads/2026/02/e08c09ee4a33bc42ccc28a0f10c21b6f.png,鹿児島市役所みなと大通り別館１階　市民アートギャラリー,0,0,2026-02-16T05:12:20.312Z,2026-02-16T05:12:20.312Z
,• • • aka Nikola H. Mounoud  Japan tour 2026,"スイス出身で現在はベトナムのハノイに住みながら、フィードバックというギターなどでもよく用いられる演奏様式をPC一台で表現するnikoが鹿児島にて再びライブをします。
共演は福岡より生ドラムと電子音が融合した音楽をお一人で追求しているMadDisc、鹿児島より何度かライブを拝見させていただいてその音世界にくらったNoxveilさんにご出演いただきます。",,,event,"[""音楽"",""国際交流""]",31.5966,130.5571,2026-02-25T15:00:00.000Z,2026-02-25T15:00:00.000Z,false,2026-02-25T15:00:00.000Z,2026-02-25T15:00:00.000Z,https://www.kcic.jp/admin/wp-content/uploads/2026/02/90384_796f5fdd30b2f8ec7be614e4c8ab877d.jpg,WORD UP STUDIO,0,0,2026-02-16T05:12:20.312Z,2026-02-16T05:12:20.312Z
,West Fest Orchestra第4回演奏会,鹿児島県内で活動するオーケストラ団体、West Fest Orchestraの4回目の演奏会です。,,,event,"[""音楽"",""その他""]",31.5966,130.5571,2026-02-14T15:00:00.000Z,2026-02-14T15:00:00.000Z,false,2026-02-14T15:00:00.000Z,2026-02-14T15:00:00.000Z,https://www.kcic.jp/admin/wp-content/uploads/2026/02/90380_1000020853.jpg,谷山サザンホール,0,0,2026-02-16T05:12:20.312Z,2026-02-16T05:12:20.312Z
,第139回ドラムサークルカゴシマ,"みんなでまぁるく輪になって、世界中の太鼓や打楽器を楽し む参加型リズムワーワショップです！
 年齢、国籍、特性を問わずどなたでも参加OK。 
一緒に自由なリズムを楽しみましょう♪",,,event,"[""音楽"",""まちづくり"",""国際交流"",""福祉"",""その他""]",31.5966,130.5571,2026-02-20T15:00:00.000Z,2026-02-20T15:00:00.000Z,false,2026-02-20T15:00:00.000Z,2026-02-20T15:00:00.000Z,https://www.kcic.jp/admin/wp-content/uploads/2026/02/90363_1000145223.jpg,ハートピアかごしま 多目的ホール(鹿児島市小野１丁目１-１),0,0,2026-02-16T05:12:20.312Z,2026-02-16T05:12:20.312Z
,Black History Month Special Talk 「日本の反対側ジャマイカで生まれたレゲエ＆ダンスホールについて学ぼう」 -音楽の奥にある歴史とメッセージ-,"鹿児島在住のジャマイカ人の方を講師に音楽を通じて歴史や色々な繋がりを話していただきます。
この日はジャマイカ料理もあります(ジャークチキンなど)皆様是非この機会に大人から子供まで楽しんでいただけたらと思います！

2026/2/28(SAT)
OPEN 13:00-18:00
ADM ¥500 / 小学生・未就学児無料
場所 : K-Link Space (鹿児島市城西2丁目2-5)
電話 : 099-806-7920

★講師
Shanel Taylorさん from JAMAICA",,,event,"[""音楽"",""その他"",""教育"",""国際交流""]",31.5966,130.5571,2026-02-27T15:00:00.000Z,2026-02-27T15:00:00.000Z,false,2026-02-27T15:00:00.000Z,2026-02-27T15:00:00.000Z,https://www.kcic.jp/admin/wp-content/uploads/2026/02/90344_20260228_1.jpg,レンタルスタジオ、カルチャースペースK-Link Space,0,0,2026-02-16T05:12:20.312Z,2026-02-16T05:12:20.312Z
,KCIC芸術体験ワークショップ 「ばあばに学ぶ手仕事・手縫いで布巾づくり」,"KCICがお届けする年に5回の文化芸術体験。ばあばに教わる、昔ながらの手仕事。ミシンを使わず、手縫いで布巾をつくるワークショップを開催します。
世代を越えて受け継がれてきた手仕事の時間を、ぜひご一緒にいかがですか？




【講師】工房沙弥糸 | Instagram：@kobo_samiito",,,event,"[""募集・支援情報"",""教育"",""その他""]",31.5966,130.5571,2026-03-06T15:00:00.000Z,2026-03-06T15:00:00.000Z,false,2026-03-06T15:00:00.000Z,2026-03-06T15:00:00.000Z,https://www.kcic.jp/admin/wp-content/uploads/2026/02/293f50eb1e225068e95a29a23947c6f9.jpg,かごしま文化情報センター（KCIC）　鹿児島市易居町1-2 鹿児島市役所みなと大通り別館1F,0,0,2026-02-16T05:12:20.312Z,2026-02-16T05:12:20.312Z
,海外音楽研修生費用の助成｜公益財団法人 明治安田クオリティオブライフ文化財団,"海外音楽研修生費用の助成

国際的音楽家をめざして研鑽中の若手音楽家の海外、特に欧米への留学に必要な費用を助成




対象者
・声楽・器楽を専攻し、大学在籍者・卒業（予定）者および大学院在籍者・修了（予定）者、高等学校卒業（予定）者
声楽は1993年9月1日以降、器楽は1998年9月1日以降に生まれた方
・2026年から2027年12月末までの間に申込書に記載された教育機関等に入学可能な方
・研修目的の達成に必要な語学力を有する方
・他の財団等から助成を受けていない方




申込締切日
2026年3月31日（火）必着



応募方法

郵送(締切日必着)




詳しくは助成団体のWEBサイトよりご確認ください。

公募概要 | 音楽分野への助成 | 公益財団法人 明治安田クオリティオブライフ文化財団",,,event,"[""募集・支援情報"",""音楽"",""教育"",""その他""]",31.5966,130.5571,2025-12-31T15:00:00.000Z,2026-03-30T15:00:00.000Z,true,2025-12-31T15:00:00.000Z,2026-03-30T15:00:00.000Z,https://www.kcic.jp/admin/wp-content/uploads/2026/02/ab1f17ef183335a921f3c30eb9a65e2d-400x400.jpg,,0,0,2026-02-16T05:12:24.490Z,2026-02-16T05:12:24.490Z
,市民アートギャラリーランチタイムコンサート 2026年4月～6月公募枠出演者募集,"鹿児島市では市役所みなと大通り別館の市民アートギャラリーで毎週金曜日のお昼12時20分から50分までランチタイムコンサートを開催して、市民の皆さんに音楽と親しむ場を提供するとともに、「公募枠」として音楽愛好家のみなさんに「発表の場」として活用してもらっています。今回は2026年4月～6月の出演者を下記のとおり募集します。




募集要項
1. 出演募集日　2026年4月から6月の金曜日
2. 募集数　5組程度。応募者多数の場合はかごしまアートネットワークで調整
します。
3. 演奏会場　鹿児島市役所みなと大通り別館　市民アートギャラリー
4. 演奏時間　12時20分〜50分の30分
5. 演奏条件　生音での演奏を原則とします（客席数約55席、グランドピアノ有
り）。
6. 応募資格　30分のプログラムを構成・実施できる個人またはグループ
※直近6ヶ月以内にご出演された方はご遠慮ください。

7. 応募方法　件名を「公募枠応募」として、①出演者名（グループの場合はグ
ループ名・代表者名・出演予定人数）　②住所、電話番号（グループの場合
は代表者の）※学生は学校・学科・コース（専攻）も　③演奏形態　④出演
希望日（第2希望まで）を明記の上、メールかファックスあるいは郵送で申
し込んでください。
※メールの方は「info@k-art-net.org」からのメールを受信できるように設
定をお願いします。 　
8. 募集期間　2026年2月1日～3月1日（必着）　　　　　　　　
9. 結果通知　3月10日頃までには応募者に直接通知します。
※　出演料はありません。

　
【問い合わせ・応募先】　
認定NPO法人かごしまアートネットワーク
〒892-0847　鹿児島市西千石町13-3吉留ビル3Ｆ-2
電話・FAX　099-248-7780　
E-mail　info@k-art-net.org",,,event,"[""募集・支援情報"",""音楽"",""まちづくり"",""教育"",""その他""]",31.5966,130.5571,2026-01-31T15:00:00.000Z,2026-02-28T15:00:00.000Z,true,2026-01-31T15:00:00.000Z,2026-02-28T15:00:00.000Z,https://www.kcic.jp/admin/wp-content/uploads/2026/02/d493f64fbe45e94569b38d61dc4e06ea.png,,0,0,2026-02-16T05:12:24.490Z,2026-02-16T05:12:24.490Z
,ポーラ伝統文化振興財団 助成事業｜公益財団法人 ポーラ伝統文化振興財団,"助成事業申請要領
日本には先人が残したすばらしい文化遺産が数多くあります。日本人の英知と感性から生れた世界に誇る伝統文化は、一度失ったら再び取り戻すことが困難なもので、大切に受け継がれていかなければなりません。
本事業は、助成を通じて、日本の伝統文化の維持・向上にささやかながら貢献しようとするものです。




1. 助成の対象
（1）対象分野
日本の無形の伝統文化の保存・振興をはかるため、伝統工芸技術、伝統芸能、民俗芸能・行事の各分野で保存・伝承・振興活動および調査・研究活動において、有効な成果が期待できる事業に対し、補助的な援助を行うものです。

（2）申請者の資格
個人、団体のいずれも申請することができます。（但し、一個人、一団体につき一件の申請に限ります）
団体の場合、法人格の有無は問いません。但し、永続性のある活動団体である事を原則とします。

（3）募集する事業
無形の伝統文化に関する保存・記録作成事業
無形の伝統文化の後継者育成・普及事業
無形の伝統文化に関する調査・研究
無形の伝統文化の復元・伝承事業
無形の伝統文化の保存のために欠くことのできない技術や原材料・道具等に関する伝承事業




応募手続き（2026年度 助成）
（1）応募期間
申請書受付期間　2026年2月1日から2026年3月31日まで。（当日消印有効）

※書類不備の場合等に対応できるようご留意ください。（4月1日以降の書類追加・訂正等には対応できません）

（2）応募方法
当財団所定の助成申請様式に必要事項を記入の上、当財団事務局宛てにご郵送ください。





お問い合わせ

TEL：03-3494-7653

メール：info@polaculture.or.jp

受付時間：午前10時～午後5時（土・日・祝日除く）




詳しくは助成団体のWEBサイトよりご確認ください。

助成事業申請要領 | 顕彰と助成 | 公益財団法人ポーラ伝統文化振興財団",,,event,"[""募集・支援情報"",""まちづくり"",""教育"",""その他""]",31.5966,130.5571,2026-01-31T15:00:00.000Z,2026-03-30T15:00:00.000Z,true,2026-01-31T15:00:00.000Z,2026-03-30T15:00:00.000Z,https://www.kcic.jp/admin/wp-content/uploads/2026/02/88bbf5dfc1bf98418291305c8594dc8e.webp,,0,0,2026-02-16T05:12:24.490Z,2026-02-16T05:12:24.490Z
,持橋真実作品展 ～綺麗な蕾が咲きますように～ at ギャラリーセージ,"パステル調のやさしい色彩で、人の心に芽吹く希望や光を表現しています。初個展となる本展では春の気配をまとった新作約40点を展示します。
鹿児島大学教育学部美術専修卒。鹿児島市商業高校非常勤講師。",,,event,"[""美術"",""観光""]",31.5966,130.5571,2026-02-12T15:00:00.000Z,2026-02-22T15:00:00.000Z,false,2026-02-12T15:00:00.000Z,2026-02-22T15:00:00.000Z,https://www.kcic.jp/admin/wp-content/uploads/2026/02/90314_989bf90c0519e081959a2ccb0fb27f28.png,ギャラリーセージ,0,0,2026-02-16T05:12:24.490Z,2026-02-16T05:12:24.490Z
,中吉徹次作陶展 美しい絵付けの器で春を待つ at Gallery Sage,"花や鳥などシンプル・生き生きと絵付けしています。日常使いの温かみのある器の他に本格的な白薩摩の金彩で絵付けしたぐい呑み・盃なども展示します。
県工業センター・デザイン工芸課研修過程卒業。
美山で修行後、曽於市財部にて「てつ次窯」を築窯。
作家は寡黙ながらクオリティーの高い作品を作陶しています。いつものてんとう虫シリーズもあります。",,,event,"[""美術"",""伝統芸能"",""観光""]",31.5966,130.5571,2026-02-05T15:00:00.000Z,2026-02-10T15:00:00.000Z,false,2026-02-05T15:00:00.000Z,2026-02-10T15:00:00.000Z,https://www.kcic.jp/admin/wp-content/uploads/2026/02/90311_4190ae077eab056371147262543eeb17.png,ギャラリーセージ,0,0,2026-02-16T05:12:24.490Z,2026-02-16T05:12:24.490Z
,ランチタイムコンサート,"毎週金曜日の12時20分から12時50分まで、鹿児島市役所みなと大通り別館1階、市民アートギャラリー内でランチタイムコンサートを開催いたします。

無料でどなたでもご覧いただけます。







【今週のランチタイムコンサー演奏予定】




～ 第860回～ 2月6日(金)




出　演 ： 鹿児島国際大学音楽科 及川クラス（器楽アンサンブル）

曲　目 ： Furusato［Hometown］：岡野禎一（編曲：大茂絵里子）
                イナの歌：P.スパーク
                ロンドンデリーの歌：アイルランド民謡













【今後の演奏予定】

～ 第861回～ 2月13日(金)




出　演 ： 橋本嵐（サクソフォン）、中村慈音（ピアノ）

曲　目 ： いつか王子様が / F.チャーチル 作曲
              リベルタンゴ / A.ピアソラ 作曲
              ドリーミング・ストーン/ 松浦真沙 作曲










～ 第862回～ 2月20日(金)




出　演 ： 四本美海・剥岩霞・藤田佳奈恵（ピアノ）

曲　目 ： 未定",,,event,"[""音楽"",""その他""]",31.5966,130.5571,2026-02-05T15:00:00.000Z,2026-02-05T15:00:00.000Z,false,2026-02-05T15:00:00.000Z,2026-02-05T15:00:00.000Z,https://www.kcic.jp/admin/wp-content/uploads/2026/01/80e19faedb2b61c0fbaf0a90dbf33391.png,鹿児島市役所みなと大通り別館１階　市民アートギャラリー,0,0,2026-02-16T05:12:24.490Z,2026-02-16T05:12:24.490Z
,赤塚学園美容・デザイン専門学校　修了制作・卒業制作展　赤塚展,赤塚学園美容・デザイン専門学校デザイン科の１年生から３年生までの修了制作と卒業制作展を開催いたします。「かんがえる。つくる。ちがいをうむ。」をテーマにイラスト・デザイン・ハンドメイド、⼀部グッズ販売など⾏います。沢⼭のご来場お待ちしております。,,,event,"[""美術"",""教育""]",31.5966,130.5571,2026-02-05T15:00:00.000Z,2026-02-09T15:00:00.000Z,false,2026-02-05T15:00:00.000Z,2026-02-09T15:00:00.000Z,https://www.kcic.jp/admin/wp-content/uploads/2026/01/90303_a74f75b7196cad7e4c13e7e24424046a-scaled.jpg,赤塚学園 美容 ・ デザイン専門学校 1F ・ 3F 教室,0,0,2026-02-16T05:12:24.490Z,2026-02-16T05:12:24.490Z
,ズーラシアンブラス音楽の絵本～ズーラシアン・ウィンドアンサンブル～,"ズーラシアンブラスの仲間達が吹奏楽の編成で鹿児島へやってくる！
動物たちが織りなす不思議なクラシックコンサート「音楽の絵本」へようこそ！




予定曲目

交響詩山の音楽家

森のくまさん、スーザに出会った
マンボNo.5

赤とんぼ協奏曲

与作

イン･ザ･ムード ほか

※予定曲目は変更になる場合がございます。",,,event,"[""音楽"",""その他""]",31.5966,130.5571,2026-02-10T15:00:00.000Z,2026-02-10T15:00:00.000Z,false,2026-02-10T15:00:00.000Z,2026-02-10T15:00:00.000Z,https://www.kcic.jp/admin/wp-content/uploads/2026/01/1-1.jpg,谷山サザンホール,0,0,2026-02-16T05:12:24.490Z,2026-02-16T05:12:24.490Z
,なんだこれは！岡本太郎展,"岡本太郎（1911年～1996年）は、絵画・彫刻・陶芸・書・写真など多彩な表現領域で活動し、また社会学・考古学・民族学・哲学などにも深い関心を寄せた、２０世紀日本を代表する芸術家です。没後３０年を迎えた今なお、その作品と力強い言葉によって、現代に生きる私たちに「自分を生きる」勇気と創造の指針を与え続けています。
本展では川崎市岡本太郎美術館所蔵の絵画、彫刻、写真など約６０点を展示します。鹿児島の地で太郎の大胆な表現や精神をご体感ください。",,,event,"[""美術"",""観光"",""教育""]",31.5966,130.5571,2026-03-19T15:00:00.000Z,2026-05-05T15:00:00.000Z,false,2026-03-19T15:00:00.000Z,2026-05-05T15:00:00.000Z,https://www.kcic.jp/admin/wp-content/uploads/2026/01/245df0656ec538ca151d38e63656b86c.png,鹿児島市立美術館,0,0,2026-02-16T05:12:24.490Z,2026-02-16T05:12:24.490Z
,シマカミリッカ氏のギャラリートーク開催,冬の企画展「光のもよう 浮かび上がる文様 シマカミリッカの世界展」の関連イベントとして、作家本人によるギャラリートークをアンコール開催。キャンバスの上に陶器に絵付けをするような技法で、独自の世界を作り出すアーティスト・シマカミリッカ氏が、制作の裏話や作品への思いなどを楽しくトークする。申込不要、当日参加OK。,,,event,"[""美術"",""観光"",""まちづくり""]",31.5966,130.5571,2026-01-31T15:00:00.000Z,2026-01-31T15:00:00.000Z,false,2026-01-31T15:00:00.000Z,2026-01-31T15:00:00.000Z,https://www.kcic.jp/admin/wp-content/uploads/2026/01/90295_6065b75b4c33d6c6714308d7d6b0cecd.jpg,長島美術館 本館第7展示室,0,0,2026-02-16T05:12:24.490Z,2026-02-16T05:12:24.490Z
,第17回 若い芽オーディション｜NPO法人 芸術・文化 若い芽を育てる会,"「若い芽を育てる会」は、音楽、美術、演劇、その他文化活動を行っている新進気鋭の若者を支援するNPO法人です。本会は、芸術活動が特にその初期において、精神的支援はもちろんの事、物理的な支援も併せてさまざまな支援を必要とすることを考慮し、若き芸術家たちが社会で活動できる機会を拡げようとするものです。
若き芸術家たちの育成や交流によって、豊かな文化と温かい人間的なつながりを持った地域社会が形成され、そこから芸術家の若い芽たちが世界を目指し、育っていく事を願っています。

応募期間：2026/01/05～2026/01/31

応募方法：WEBサイトより

助成分野：芸術文化

助成対象：音楽、美術、演劇、映像、その他芸術文化に関わる意義深い諸活動




詳しくは助成団体のWEBサイトよりご確認ください。
https://ymat2010.org/",,,event,"[""募集・支援情報"",""音楽"",""美術"",""その他""]",31.5966,130.5571,2026-01-04T15:00:00.000Z,2026-01-30T15:00:00.000Z,true,2026-01-04T15:00:00.000Z,2026-01-30T15:00:00.000Z,https://www.kcic.jp/admin/wp-content/uploads/2026/01/f8c39058d48a1af59cef7ed72d17836b.png,,0,0,2026-02-16T05:12:24.490Z,2026-02-16T05:12:24.490Z
,19th田中ケンサク&ハワイアンパラダイス年金支給日ライブ,今回で19回目🌴年金支給日ライブ🌴を迎える高齢者(平均年齢81歳)今年で結成66周年を迎えました。キャシュレスの時代においてでも高齢者の方々に理解して頂きお買い物や食事を楽しんで頂けるように企画致しました。癒しのハワイアンミュージックから昭和歌謡まで1時間たっぷりと演奏を楽しんでいただきたいです。ライブは無料です。,,,event,"[""音楽"",""まちづくり""]",31.5966,130.5571,2026-02-12T15:00:00.000Z,2026-02-12T15:00:00.000Z,false,2026-02-12T15:00:00.000Z,2026-02-12T15:00:00.000Z,https://www.kcic.jp/admin/wp-content/uploads/2026/01/90264_IMG_9025.jpeg,鹿児島銀行1階よかど広場,0,0,2026-02-16T05:12:24.490Z,2026-02-16T05:12:24.490Z
,Endeavor,"鹿児島で活動する絵描きのEn.と写真愛好家のあるでばの2人展

絵と写真それぞれの表現により躍動する動物たちを楽しみにぜひご来場ください",,,event,"[""美術"",""その他""]",31.5966,130.5571,2026-02-09T15:00:00.000Z,2026-02-14T15:00:00.000Z,false,2026-02-09T15:00:00.000Z,2026-02-14T15:00:00.000Z,https://www.kcic.jp/admin/wp-content/uploads/2026/01/90260_IMG_4469.png,ギャラリーポランカ,0,0,2026-02-16T05:12:24.490Z,2026-02-16T05:12:24.490Z
,ランチタイムコンサート,"毎週金曜日の12時20分から12時50分まで、鹿児島市役所みなと大通り別館1階、市民アートギャラリー内でランチタイムコンサートを開催いたします。

無料でどなたでもご覧いただけます。







【今週のランチタイムコンサー演奏予定】




～ 第859回～ 1月30日(金)




出　演 ： 瀬角武夫・オズワールド（三味線・民謡）

曲　目 ： さくらさくら
                じょんがらいり 娘へ
                黒田節










【今後の演奏予定】

～ 第860回～ 2月6日(金)




出　演 ： 鹿児島国際大学音楽科 及川クラス（器楽アンサンブル）

曲　目 ： Furusato［Hometown］：岡野禎一（編曲：大茂絵里子）
                イナの歌：P.スパーク
                ロンドンデリーの歌：アイルランド民謡










～ 第861回～ 2月13日(金)




出　演 ： 橋本嵐（サクソフォン）、中村慈音（ピアノ）

曲　目 ： 未定",,,event,"[""音楽"",""その他""]",31.5966,130.5571,2026-01-29T15:00:00.000Z,2026-01-29T15:00:00.000Z,false,2026-01-29T15:00:00.000Z,2026-01-29T15:00:00.000Z,https://www.kcic.jp/admin/wp-content/uploads/2026/01/2c96742f0c98350a62620c3b27d62f12.png,鹿児島市役所みなと大通り別館１階　市民アートギャラリー,0,0,2026-02-16T05:12:24.490Z,2026-02-16T05:12:24.490Z
,未来館SDGsフェスタ～生物多様性のキセキ～,生命の輪を未来へつなぐ3日間！生物多様性について知り、考え、行動につなげるプログラムを実施します。展示や講演会、また生きものの素晴らしさを体感できるワークショップを開催。生物多様性のキセキに触れ、生命の輪をつなぐ一歩を踏み出しましょう！事前申し込み受付中のプログラムもありますので、詳しくはかごしま環境未来館のHPをご覧ください。,,,event,"[""募集・支援情報"",""美術"",""その他"",""環境""]",31.5966,130.5571,2026-02-20T15:00:00.000Z,2026-02-22T15:00:00.000Z,false,2026-02-20T15:00:00.000Z,2026-02-22T15:00:00.000Z,https://www.kcic.jp/admin/wp-content/uploads/2026/01/90254_cfed12156918aff77cdcc36f3e8140ab-scaled.jpg,かごしま環境未来館（鹿児島市城西2丁目1-5）,0,0,2026-02-16T05:12:24.490Z,2026-02-16T05:12:24.490Z
,鹿児島県立短期大学 生活科学科生活科学専攻 卒業研究作品展2026,"鹿児島県立短期大学生活科学科生活科学専攻の建築デザイン、ビジュアルデザイン、それぞれの研究室に所属する学生の卒業研究作品などを展示します。
2年間という限られた修学期間での作品ではありますが、学生たちの若さあふれる提案や表現をぜひご覧ください。",,,event,"[""美術"",""その他"",""観光"",""まちづくり"",""教育"",""環境""]",31.5966,130.5571,2026-02-27T15:00:00.000Z,2026-03-08T15:00:00.000Z,false,2026-02-27T15:00:00.000Z,2026-03-08T15:00:00.000Z,https://www.kcic.jp/admin/wp-content/uploads/2026/01/90251_event_main_kentansotugyou-400x400.jpg,Unitement garden（マルヤガーデンズ4F）,0,0,2026-02-16T05:12:24.490Z,2026-02-16T05:12:24.490Z
,令和8年度鹿児島市文化芸術活動活性化補助金｜鹿児島市 文化振興課　※締切 令和8年2月2日(月曜日)まで,"鹿児島市では、文化芸術団体等による自主的な活動を活性化し、本市の文化芸術の振興を図るため、団体等が行う文化芸術事業に対し、公募により助成します。




(注意)本事業による助成は、市議会における令和8年度予算案の議決を経て、令和8年4月から実施することになります。また、当該議決に基づく予算の範囲内での助成となります。




補助対象となる事業

市内において、補助金交付決定日(令和8年4月以降)から令和9年3月末日までに実施される次の事業が対象となります。

(1)市民が身近な場所で文化芸術に触れ親しむことのできる事業

(2)異なるジャンルの文化芸術の融合など多様な文化芸術を創造する事業

(3)次代の文化芸術の担い手を育成する事業

(4)地域固有の文化財の保存・活用・継承を図る事業

(5)文化芸術を生かしたまちづくりの推進に資する事業

(6)その他市長が文化芸術の振興を図るため適当と認める事業




応募できる団体

市内に主たる事務所又は活動拠点を有する文化芸術団体等

(例)文化芸術団体、実行委員会、NPO法人、企業等

次の要件を満たす必要があります。

・規約や会則等を有し、責任者が明確で、団体の独立した経理を行っていること。

・補助事業の実施・運営から実績報告まで責任を持って履行できること。

・暴力団又はその構成員(暴力団の構成団体の構成員を含む)の統制の下にある団体でないこと。

・市税が課税されている場合は、納期の到来している市税を完納していること。

・NPO法人にあっては、特定非営利活動促進法第29条に定める事業報告書等を所管庁に提出していること。




募集期間

令和7年12月1日(月曜日)から令和8年2月2日(月曜日)まで

募集締切後は理由の如何を問わず、受理しませんので、ご了承ください。




応募の方法

応募書類を、下記の応募先まで持参、または郵送（必着）で提出してください。
（応募先）
〒８９２－８６７７
鹿児島市山下町１１－１
鹿児島市役所みなと大通り別館1階
鹿児島市 文化振興課 令和８年度文化芸術活動活性化補助金担当 宛




問い合わせ先

鹿児島市文化振興課：TEL099-216-1501（直通）・FAX099-216-1128




詳しくは助成団体のWEBサイトよりご確認ください。
https://www.city.kagoshima.lg.jp/shimin/shiminbunka/bunkashinko/bunka/bunka/jigyo/hojyokin2.html",,,event,"[""募集・支援情報"",""その他""]",31.5966,130.5571,2026-01-11T15:00:00.000Z,2026-02-01T15:00:00.000Z,true,2026-01-11T15:00:00.000Z,2026-02-01T15:00:00.000Z,https://www.kcic.jp/admin/wp-content/uploads/2025/12/6b3852f8582dab547da51cf562c216c6-400x400.jpg,,0,0,2026-02-16T05:12:24.490Z,2026-02-16T05:12:24.490Z
,音処華音プレゼンツ2026 歌の宝箱〜世代と文化をつなぐ歌声の饗宴〜,"令和７年度 文化の薫り高いかごしま形成事業
音処華音プレゼンツ2026
歌の宝箱〜世代と文化をつなぐ歌声の饗宴〜

第一部【子どもの名曲宝箱】
「手のひらを太陽に」 他
ピアノ：室屋 麗華
ソプラノ：松永 藍
バス：溝田 凌

第二部【子どもの歌声宝箱】
シマ唄：指宿 桃子・シマ唄キッズ
合唱：西紫原小学校合唱部／指揮：山口 由華

第三部【クラシックの名曲宝箱】
ハイドン作曲「神なる聖ヨハネのミサ・ブレヴィス」 他
指揮：溝田 凌
合唱：華音合唱団
弦楽：RENTARO室内オーケストラ九州",,,event,"[""音楽"",""その他""]",31.5966,130.5571,2026-02-10T15:00:00.000Z,2026-02-10T15:00:00.000Z,false,2026-02-10T15:00:00.000Z,2026-02-10T15:00:00.000Z,https://www.kcic.jp/admin/wp-content/uploads/2026/01/90237_IMG_6163.jpeg,カクイックス交流センター （かごしま県民交流センター） 県民ホール,0,0,2026-02-16T05:12:24.490Z,2026-02-16T05:12:24.490Z
,日々の暮らし展vol.9,"ポラーノ・ポラーリでは、しあわせな気持ちになる雑貨やカフェを出店するイベント「日々の暮らし展」を定期的に行っています。
日々弊社社員が心を込めて作っているものや、地域の方々が生産しているものの販売、そして展示企画などもあります。
静かな祈りの場所で心安まる一時を過ごしていただけますように。
皆さまぜひ、楽しみにお越しください。",,,event,"[""美術"",""その他"",""福祉""]",31.5966,130.5571,2026-01-23T15:00:00.000Z,2026-01-23T15:00:00.000Z,false,2026-01-23T15:00:00.000Z,2026-01-23T15:00:00.000Z,https://www.kcic.jp/admin/wp-content/uploads/2026/01/90232_79a1b6030c82b301fc4523255f15884c-scaled.jpg,鹿児島市唐湊2－10－2レデンプートル宣教修道女会内B棟（駐車場有）,0,0,2026-02-16T05:12:24.490Z,2026-02-16T05:12:24.490Z
,国際交流活動助成｜鹿児島市,"鹿児島市は、市内の民間団体独自の創意工夫による「国際交流事業」・「国際協力事業」・「多文化共生を推進する事業」の実施を促進することを目的として、活動経費の一部を助成しています。




申請書の最終受付日を延長しました。（令和8年2月13日（金曜日））

（注）令和8年3月13日（金曜日）までに事業を完了することが条件となります。

（注）受付期間中であっても、申請が予算額に達した時点で締め切らせていただきます。

（注）助成金の活用をご検討の場合、まずは下記のお問い合わせ先までご相談ください。




助成対象団体
助成金の交付の対象となる民間団体は、組織的に活動を行い、市内に活動拠点を有する団体である必要があります。




助成対象事業
1国際理解を促進する事業
2.外国との学術、芸術、文化又はスポーツ交流事業
3.国際協力及び多文化共生を推進する事業
4.その他市長が必要と認める事業


上記の事業の具体的な取り組み内容を以下に示しますので、申請時の参考にしてください。

・国際理解を促進するイベント・講演会・講座等
・国際協力の人材育成や理解促進等に寄与するもの
・外国人と市民との交流を促進するもの
・外国人住民が日本文化や鹿児島の歴史・自然等を体験するもの
・外国人住民の日本語能力の向上に繋がるもの
・海外において実施される市民の国際交流・国際理解・国際協力等に寄与する事業で、現地の市民と交流が行われるもの


対象事業の条件
1.この事業の目的に沿うものであること
2.営利目的でないこと（講演等で入場料等を取る場合や（チャリティー目的を含む）、海外留学や海外旅行を業として行うものが主催する事業など）
3.政治目的、宗教目的でないこと
4.当該事業に対し、市から他の助成を受けていないこと




助成条件
・申請を行おうとする団体は、事業実施日の1か月前（土日祝日の場合はその前日）までに書類をご提出ください
・令和7年度の申請書の最終受付日は令和8年2月13日（金曜日）としますので、申請の際はご注意ください。
・助成は、1団体あたり、1年度1件とします。
・同一事業への助成の回数は、原則として通算3回までとします。詳しくは担当課へお問い合わせください。
・国、県または公的団体等から助成がある場合は、事業費から当該助成金を除外した経費を対象として算定します。




申請書
申請書（ワード：32KB）
申請書（PDF：101KB）
添付書類
添付書類（ワード：45KB）
添付書類（エクセル：75KB）
添付書類（PDF：133KB）




お問い合わせ

総務局市長室国際交流課

〒892-8677 鹿児島市山下町11-1

電話番号：099-216-1131

ファクス：099-224-8900",,,event,"[""募集・支援情報"",""その他"",""国際交流""]",31.5966,130.5571,2026-01-04T15:00:00.000Z,2026-02-12T15:00:00.000Z,true,2026-01-04T15:00:00.000Z,2026-02-12T15:00:00.000Z,https://www.kcic.jp/admin/wp-content/uploads/2026/01/03bbc26f8a8309cae896ad9daf60df96.jpg,,0,0,2026-02-16T05:12:24.490Z,2026-02-16T05:12:24.490Z
,５WORKｓ成果発表会,一般公募で集まったメンバーを5つのチームに分け、各チームに演出家などのスタッフを配置し、25分程度の作品を創作、成果発表までの作品作りを体験する、鹿児島演劇協会の新しい演劇ワークショップ。その成果発表会です。,,,event,"[""その他""]",31.5966,130.5571,2026-02-20T15:00:00.000Z,2026-02-20T15:00:00.000Z,false,2026-02-20T15:00:00.000Z,2026-02-20T15:00:00.000Z,https://www.kcic.jp/admin/wp-content/uploads/2026/01/90196_2152c5c2f0cf3962f974591484f425df-scaled.jpg,鹿児島市松元公民館,0,0,2026-02-16T05:12:28.746Z,2026-02-16T05:12:28.746Z
,ランチタイムコンサート,"毎週金曜日の12時20分から12時50分まで、鹿児島市役所みなと大通り別館1階、市民アートギャラリー内でランチタイムコンサートを開催いたします。

無料でどなたでもご覧いただけます。







【今週のランチタイムコンサー演奏予定】




～ 第858回～ 1月23日(金)




出　演 ： 若松沙奈枝（ギター弾き語り）

曲　目 ： 神田川
                糸
                愛燦燦







【今後の演奏予定】

～ 第859回～ 1月30日(金)




出　演 ： 瀬角武夫・オズワールド（三味線・民謡）

曲　目 ： さくらさくら
                じょんがらいり 娘へ
                黒田節










～ 第860回～ 2月6日(金)




出　演 ： 鹿児島国際大学音楽科 及川クラス（器楽アンサンブル）

曲　目 ： Furusato［Hometown］：岡野禎一（編曲：大茂絵里子）
                イナの歌：P.スパーク
                ロンドンデリーの歌：アイルランド民謡",,,event,"[""音楽"",""その他""]",31.5966,130.5571,2026-01-22T15:00:00.000Z,2026-01-22T15:00:00.000Z,false,2026-01-22T15:00:00.000Z,2026-01-22T15:00:00.000Z,https://www.kcic.jp/admin/wp-content/uploads/2026/01/920659e3abc260969819c875734a583a.png,鹿児島市役所みなと大通り別館１階　市民アートギャラリー,0,0,2026-02-16T05:12:28.746Z,2026-02-16T05:12:28.746Z
,【アートフリースクール】「不登校の無料相談室（予約制）」,アートフリースクールGoARTLabo美術室にて、「不登校の無料相談室」を毎週月曜日13:00〜16:00に開設します。不登校の子どもたちや保護者を対象に、学校のこと、将来のこと、家庭での悩みなどを安心して話せる個別相談の場です。アートを軸にしたフリースクール運営者が、一人ひとりの状況に寄り添いながらお話を伺います。答えを出す場ではなく、気持ちを整理する時間としてご利用ください。無料・予約制。,,,event,"[""募集・支援情報"",""美術"",""福祉"",""教育""]",31.5966,130.5571,2026-01-18T15:00:00.000Z,2026-03-29T15:00:00.000Z,false,2026-01-18T15:00:00.000Z,2026-03-29T15:00:00.000Z,https://www.kcic.jp/admin/wp-content/uploads/2026/01/90190_1.png,GoARTLabo美術室　鹿児島市山下町12-12一二三ビル1階,0,0,2026-02-16T05:12:28.746Z,2026-02-16T05:12:28.746Z
,【宝山プレゼンツ】カルテット・アマービレ公演のお知らせ,"霧島国際音楽際にも出演し、2022年には堤剛＆藤田真央＆カルテット・アマービレ　スペシャル・コンサートを開催したカルテットの演奏が宝山ホールへ‼
世界の音楽コンクールの中でもとりわけ難関として知られるミュンヘン国際音楽コンクールで第3位及び特別賞を獲得したカルテット・アマービレ。 カルテットで聴く、今年生誕270年を迎えるモーツァルトのアイネ・クライネ・ナハトムジークやベートーヴェンの弦楽四重奏曲。世界が認めた注目のカルテットによる弦楽四重奏曲の醍醐味を味わえるコンサートです。皆様のご来場心よりお待ちしております。",,,event,"[""音楽"",""教育""]",31.5966,130.5571,2026-02-10T15:00:00.000Z,2026-02-10T15:00:00.000Z,false,2026-02-10T15:00:00.000Z,2026-02-10T15:00:00.000Z,https://www.kcic.jp/admin/wp-content/uploads/2026/01/90158_a3bc0da7bd5b9c223e6b152ca36e4089-scaled.jpeg,宝山ホール,0,0,2026-02-16T05:12:28.746Z,2026-02-16T05:12:28.746Z
,公益財団法人 鹿児島県文化振興財団｜芸術文化活動支援助成金,"この事業は、鹿児島県内の幅広い芸術文化活動の振興を図るため、県内の芸術文化団体が行う自主的かつ創造性豊かな文化活動に対し助成を行うものです。


令和8年度申請分の応募締め切りは令和8年2月26日（木）必着です。


Ｑ：どのような芸術文化団体が助成を受けることができるのですか？
A：鹿児島県内に住所又は活動の拠点を有し、その分野の県域的団体であること、明確な会計経理を実施していること、一定（満3年以上）の活動実績があること等の条件を満たしている団体が助成を受けることができます。ただし、国及び地方公共団体やこれに準ずる団体、営利団体、政治団体、宗教団体等は除かれます。


Ｑ：どのような事業に助成するのでしょうか？
A：原則として県内全域を対象として実施される、次のような事業です。
（1）長期にわたり継続して実施され、かつ、自主企画により実施される芸術文化事業（公演・展示）
（2）芸術文化団体の活動の成果を発表する事業
（3）本県の伝統芸能の普及促進に資する事業
（4）子どもたちのための芸術文化活動の促進に資する事業
（5）芸術文化の普及啓発に資する事業


Ｑ：助成金の額はどのようにして算定されるのでしょうか？
A：助成金の額は助成の対象となる経費の総額（国、地方公共団体及びその他の団体からの補助金並びに入場料等に相当する額は除く。）の2分の1以内の額です。 ただし、1団体あたりの上限額は50万円となります。（1千円未満は切り捨てとなります。）


Ｑ：助成金の対象となる経費にはどのようなものがありますか？
A：助成の対象となる経費は次に掲げるものです。
・外部の指揮者・審査員・講師等への謝金及び旅費
・印刷費、道具制作費等
・通信費、運搬費、調律費等
・会場使用料、著作権使用料等
・会場整理員等賃金
・その他特に理事長が必要と認めた経費


申請用紙等のダウンロード
御案内、要綱、手引き、助成金交付までの流れ、経費区分一覧表（841KB/PDF形式）
第1号様式（21KB/word形式）
第2号様式（25KB/word形式）
第3号様式（19KB/excel形式）
第4号様式（20KB/ word形式）
記入例（1036KB/PDF形式）


※詳しくは、財団事務局（県文化センター企画事業課 TEL099-223-4221）へお問い合わせください。",,,event,"[""募集・支援情報"",""音楽"",""美術"",""伝統芸能"",""まちづくり"",""教育"",""その他""]",31.5966,130.5571,2026-01-07T15:00:00.000Z,2026-02-25T15:00:00.000Z,true,2026-01-07T15:00:00.000Z,2026-02-25T15:00:00.000Z,https://www.kcic.jp/admin/wp-content/uploads/2026/01/symbol01-160.jpg,,0,0,2026-02-16T05:12:28.746Z,2026-02-16T05:12:28.746Z
,こどものためのおんがくじかん Vol.16 テューバ,"こどものために、こどもを支える大人のために
たのしく「おんがく」や「ぶんかげいじゅつ」に
ふれるじかんをおとどけします。
みんなで「感性（かんせい）」をそだてましょう！

こどももおとなも「みんな」でたのしく
あそぶ・きく・まなぶ・おんがく体験。

前半○リトミック ○リズムあそび ○おんがく絵本 ○うた
後半○コンサート

今度でなんと16回目。

こどもがこどもでいる時間は本当にあっという間です。
そんな限られた時期に、親子で音楽に触れ合える時間を届けたいという思いではじめました。
今回は、テューバの石堂優二郎さんをゲストに、お届けします。",,,event,"[""音楽"",""教育""]",31.5966,130.5571,2026-01-24T15:00:00.000Z,2026-01-24T15:00:00.000Z,false,2026-01-24T15:00:00.000Z,2026-01-24T15:00:00.000Z,https://www.kcic.jp/admin/wp-content/uploads/2026/01/90142_2026kodomonotameno_tuba_A.png,LAGBAG MUSIC TOGO HALL,0,0,2026-02-16T05:12:28.746Z,2026-02-16T05:12:28.746Z
,ritmusik リトムジーク　バレンタインコンサート,"Ⅰ.Ⅱ部は2.3月の季節を感じるハートいっぱいなリトミック。0歳から年長さんまでの異年齢活動になります。
開場から開演までの30分も音楽が流れる会場全体が音楽いっぱいの空間で親子で楽しむハートフルリトミック活動。Ⅲ部は約80分のバレンタインコンサート。前半は色んな愛を描いたクラシック作品、後半には情熱あふれるピアソラ など、音楽でめぐる愛と情熱の世界。バレンタインにちなんでお菓子を召し上がって頂きながらのお聞きいただけます。学生〜大人の方の入場料にはお菓子付き。未就学児さんにはアレルギー等考慮しお菓子はつきませんが、当日の販売があります。愛情たっぷりの優しく温かな一日を一緒に過ごしましょう！",,,event,"[""音楽"",""教育""]",31.5966,130.5571,2026-02-21T15:00:00.000Z,2026-02-21T15:00:00.000Z,false,2026-02-21T15:00:00.000Z,2026-02-21T15:00:00.000Z,https://www.kcic.jp/admin/wp-content/uploads/2026/01/90137_IMG_4476.jpeg,イイテラス10階ホール,0,0,2026-02-16T05:12:28.746Z,2026-02-16T05:12:28.746Z
,ことこのもへじ presents ICHI ライブ＆ワークショップ,"2026年2月11日（祝・水）
しょうぶ学園《アムアホール》

あらゆるものを楽器にしてしまう！？
発明音楽家 ICHI さんのライブ ＆ ワークショップ ！

へんな楽器？ふしぎな音！
おもちゃや生活の道具、身近なものたちが音楽に変身！
見ても、聞いても、思わず体が動く、ワクワクいっぱいのコンサート。

そして今回は特別に、ライブとセットでワークショップも開催。
ICHIさんと一緒に、楽器をつくってライブに参加してみよう。

12:30〜13:30 ワークショップ　※限定30名
14:00〜15:00 ライブ

申込　https://forms.gle/LjnS8CD9KSUd1cv29",,,event,"[""音楽"",""まちづくり"",""教育"",""その他""]",31.5966,130.5571,2026-02-10T15:00:00.000Z,2026-02-10T15:00:00.000Z,false,2026-02-10T15:00:00.000Z,2026-02-10T15:00:00.000Z,https://www.kcic.jp/admin/wp-content/uploads/2026/01/90130_2.png,アムアホール（しょうぶ学園）,0,0,2026-02-16T05:12:28.746Z,2026-02-16T05:12:28.746Z
,大嵩禮造幾何学的抽象の世界展―グラスボックスを中心にー,"児玉美術館　創立40周年最後を締めくくるのは、大嵩禮造「グラスボックス」。当館の要となる作品群です。

若き大嵩禮造が確立した抽象絵画の世界を存分に味わえる展示となっております。グラスボックスの瑞々しい透明感が新春を飾ります。

　「花の碑」「グラスボックス直」「屹立」、他50点を展示。",,,event,"[""美術"",""教育""]",31.5966,130.5571,2026-01-07T15:00:00.000Z,2026-03-21T15:00:00.000Z,false,2026-01-07T15:00:00.000Z,2026-03-21T15:00:00.000Z,https://www.kcic.jp/admin/wp-content/uploads/2026/01/90117_3e3886dd1bac7a776bc02ddd35f1c6a3.jpg,児玉美術館,0,0,2026-02-16T05:12:28.746Z,2026-02-16T05:12:28.746Z
,ランチタイムコンサート,"毎週金曜日の12時20分から12時50分まで、鹿児島市役所みなと大通り別館1階、市民アートギャラリー内でランチタイムコンサートを開催いたします。

無料でどなたでもご覧いただけます。







【今週のランチタイムコンサー演奏予定】




～ 第857回～ 1月16日(金)




出　演 ： ジミー入枝・SHOW・楽団
　　　　  ジミー入枝（うたとおしゃべり）
　　　　  小原やむちゃ（ピアノ、鍵盤ハモニカ、コーラス）
　　　　  ノンキー山田（ギター、コーラス）　　　　

曲　目 ： グッド・ナイト・ベイビー
                オンリー・ユー
                たんぽぽのように







【今後の演奏予定】

～ 第858回～ 1月23日(金)




出　演 ： 若松沙奈枝（ギター弾き語り）

曲　目 ： 神田川
                糸
                愛燦燦










～ 第859回～ 1月30日(金)




出　演 ： 瀬角武夫・オズワールド（三味線・民謡）

曲　目 ： 未定",,,event,"[""音楽"",""その他""]",31.5966,130.5571,2026-01-15T15:00:00.000Z,2026-01-15T15:00:00.000Z,false,2026-01-15T15:00:00.000Z,2026-01-15T15:00:00.000Z,https://www.kcic.jp/admin/wp-content/uploads/2026/01/b6e0dade6b9d59209073449072bc53f6.png,鹿児島市役所みなと大通り別館１階　市民アートギャラリー,0,0,2026-02-16T05:12:28.746Z,2026-02-16T05:12:28.746Z
,2026年第1回　「社会創造アーツファンド」｜公益社団法人 企業メセナ協議会,"芸術文化は人の営みに欠かせないものであり、社会に新たな価値を創出する原動力になります。

企業のメセナ活動は、芸術文化支援をはじめ、教育、地域、福祉、環境などにおける社会課題の解決に向けた企業活動の一つであり、社会への投資につながります。

企業メセナ協議会は、企業のメセナ活動を推進し、芸術文化の振興とこれを通じた心豊かなより良い社会づくりに取り組んでいます。


募集要項

1. 対象となる申請者（寄付を集めたい 芸術・文化団体の皆さま）

①公益を目的とした法人で、芸術・文化活動を行うもの
→一般財団法人、一般社団法人、特定非営利活動法人など。
注1）株式会社、有限会社、合名会社、合資会社などの営利法人や、宗教法人、政治団体は申請できません。
注2）原則として公益財団法人・公益社団法人は対象となりませんが、PST認定がされていない団体や、その他特別な事由によりファンド利用を要望する場合はその事由を検討したうえで別途取り扱う場合がある。

②任意団体で芸術・文化活動を行うもの
→法人格を持たない劇団やオーケストラ、公演・展示などの実行委員会など。
→規約などを有し、代表者の定めがあること。

③芸術・文化活動を行う個人の場合は、その活動の公益性が認められるもの




2. 対象となる活動

①芸術文化の振興および芸術・文化による社会創造に寄与する活動であること。
②原則、活動実施日が申請締切から3カ月以降の活動
※2026年 第1回（1月20日申請締切）については、2026年3月26日以降に実施する活動が対象となります。
（ここでの実施は準備期間ではなく、実際に催しやプログラムが行われる日とします）
③海外における活動の場合、日本国内に実施主体の事務所機能があること。




■締切：2026年1月20日(火)日付変更まで

今回は2026年3月26日(木)以降に実施する活動が対象となります。
　※ここでの実施は準備期間ではなく、実際に催しやプログラムが行われる日とします。

申請書の書き方には書き方の諸注意が記載されていますので、ぜひお読みいただいたうえで作成をお願いします。




詳しくは助成団体のWEBサイトよりご確認ください。
募集要項 | 社会創造アーツファンド －Arts Fund－ | 寄付を集めたい方 | 芸術・文化支援サイト かるふぁん！ -Fund for Culture-",,,event,"[""募集・支援情報"",""その他""]",31.5966,130.5571,2025-12-25T15:00:00.000Z,2026-01-19T15:00:00.000Z,true,2025-12-25T15:00:00.000Z,2026-01-19T15:00:00.000Z,https://www.kcic.jp/admin/wp-content/uploads/2026/01/3c5dee28903c12b97203fc77d717f619-400x400.png,,0,0,2026-02-16T05:12:28.746Z,2026-02-16T05:12:28.746Z
,JAZZ LIVE FOR KIDS,"子供たちにジャズを知ってもらうために
楽器を練習中またはジャズに興味のある小中高生を対象に
無料の演奏会を開催いたします！

演奏者は日本を代表するテナーサックス奏者竹内直さんをはじめ日本各地で活動するプレイヤー揃いです、是非ご参加下さい
ご希望の方はQRコード、又はメールでお申込み下さい
定員になり次第、募集終了となります（先着20名、保護者可）

出演　西田千穂グループ
竹内直テナーサックス
奥村和彦ピアノ
権上康志ベース
森永哲則ドラム
西田千穂ボーカル",,,event,"[""音楽"",""教育""]",31.5966,130.5571,2026-01-23T15:00:00.000Z,2026-01-23T15:00:00.000Z,false,2026-01-23T15:00:00.000Z,2026-01-23T15:00:00.000Z,https://www.kcic.jp/admin/wp-content/uploads/2026/01/89992_2026-1-24-ipanema.jpg,イパネマ　鹿児島市東千石町5-17 ステラビル301号,0,0,2026-02-16T05:12:28.746Z,2026-02-16T05:12:28.746Z
,Volcano Groove Jazz School(ボルケーノグルーブジャズスクール)ミニジャズコンサート,Volcano Groove Jazz School第1回ジャズコンサートを開催します。ゲストに北欧ノルウェーの子どもジャズ音楽教室「Improbasen」の生徒たちを迎えます！鹿児島で国際的なジャズコラボレーションが実現します。,,,event,"[""音楽"",""国際交流"",""教育""]",31.5966,130.5571,2026-01-26T15:00:00.000Z,2026-01-26T15:00:00.000Z,false,2026-01-26T15:00:00.000Z,2026-01-26T15:00:00.000Z,https://www.kcic.jp/admin/wp-content/uploads/2025/12/89979_724e9c658ff42ae5c58074f984ffa1d9.png,カクイックス交流センター（かごしま県民交流センター） スタジオ,0,0,2026-02-16T05:12:28.746Z,2026-02-16T05:12:28.746Z
,Volcano Groove Jazz School(ボルケーノグルーブジャズスクール)子ども向けジャズワークショップ,"子ども向けジャズワークショップを開催します。ジャズの醍醐味である「即興演奏」を学びます。楽譜が読めなくても大丈夫！ジャズが初めてでもOK！音楽が好きなお友達同士でのご参加大歓迎！私たちと一緒にジャズしましょう♪

【定員】10名（先着順）
【対象】小学2年生〜高校3年生",,,event,"[""音楽"",""その他"",""教育""]",31.5966,130.5571,2026-01-23T15:00:00.000Z,2026-01-24T15:00:00.000Z,false,2026-01-23T15:00:00.000Z,2026-01-24T15:00:00.000Z,https://www.kcic.jp/admin/wp-content/uploads/2025/12/89976_1578b98e4935c2539f1ff34269c98574.png,カクイックス交流センター（かごしま県民交流センター） スタジオ＆リハーサル室,0,0,2026-02-16T05:12:28.746Z,2026-02-16T05:12:28.746Z
,シマカミリッカ氏のギャラリートーク開催,"冬の企画展「光のもよう◇浮かび上がる文様 シマカミリッカの世界展」の関連イベントとして、キャンバスの上に陶器に絵付けをするような技法で、独自の世界を作り出すアーティスト・シマカミリッカ氏によるギャラリートークを開催します。
華やかな絵付け絵画制作の裏話、作品への思いなどを楽しくトークして頂きます。
申込不要、当日参加OKです。",,,event,"[""美術"",""観光"",""教育"",""その他""]",31.5966,130.5571,2026-01-09T15:00:00.000Z,2026-01-09T15:00:00.000Z,false,2026-01-09T15:00:00.000Z,2026-01-09T15:00:00.000Z,https://www.kcic.jp/admin/wp-content/uploads/2025/12/89962_ba45211a37b76b4d6159fd8fc701db61.jpg,長島美術館　本館第7展示室,0,0,2026-02-16T05:12:28.746Z,2026-02-16T05:12:28.746Z
,ランチタイムコンサート,"毎週金曜日の12時20分から12時50分まで、鹿児島市役所みなと大通り別館1階、市民アートギャラリー内でランチタイムコンサートを開催いたします。

無料でどなたでもご覧いただけます。







【今週のランチタイムコンサー演奏予定】




～ 第856回～ 1月9日(金)




出　演 ： 川野貴之（テノール）

                美代開太（バス）

                福重真紀（ピアノ）

曲　目 ： 未定







【今後の演奏予定】




～ 第857回～ 1月16日(金)




出　演 ： ジミー入枝・SHOW・楽団

                ジミー入枝（うたとおしゃべり）

                小原やむちゃ（ピアノ、鍵盤ハモニカ、コーラス）

                ノンキー山田（ギター、コーラス）

曲　目 ： グッド・ナイト・ベイビー
                オンリー・ユー
                たんぽぽのように










～ 第858回～ 1月23日(金)




出　演 ： 若松沙奈枝（ギター弾き語り）

曲　目 ： 未定",,,event,"[""音楽"",""その他""]",31.5966,130.5571,2026-01-08T15:00:00.000Z,2026-01-08T15:00:00.000Z,false,2026-01-08T15:00:00.000Z,2026-01-08T15:00:00.000Z,https://www.kcic.jp/admin/wp-content/uploads/2026/01/1bf8f5490c220a5c5e50023b62ef849a.png,鹿児島市役所みなと大通り別館１階　市民アートギャラリー,0,0,2026-02-16T05:12:28.746Z,2026-02-16T05:12:28.746Z
,親子参加もOK！無料ワークショップ【フランス語で歌う日本の愛唱歌】～Wa-chansonで国際交流～,"～日本の愛唱歌「ふるさと」をフランス語で歌ってみませんか～
フランス語が初めてでも大丈夫。リビングカルチャー倶楽部でフランス語を教えている講師が初心者の方でも安心してご参加頂けるよう丁寧にサポートします。
今回はフランス語話者で、鹿児島ではALTとして英語を教えているシャネル先生がゲストで参加します。
音楽を通して、フランス語の魅力にも触れてみませんか。 
シャネル先生はフランス語だけでなく、英語も話せるので国際交流をしたい方にもおすすめのイベントとなっています。
何か新しいことにチャレンジしてみたい方、シニアの方大歓迎♪ 
天文館のお洒落な音楽バーで、優雅で文化的なひとときを過ごしましょう。",,,event,"[""音楽"",""国際交流"",""教育""]",31.5966,130.5571,2026-01-09T15:00:00.000Z,2026-01-09T15:00:00.000Z,false,2026-01-09T15:00:00.000Z,2026-01-09T15:00:00.000Z,https://www.kcic.jp/admin/wp-content/uploads/2025/12/89879_20260110.png,音楽Bar スピークイージー（鹿児島市東千石町６−２ アンガスビル２階）,0,0,2026-02-16T05:12:28.746Z,2026-02-16T05:12:28.746Z
,2026 年度助成事業｜一般財団法人小森文化科学財団,"１．助成の趣旨
地域における文化の振興及び地域伝統産業振興活動を対象に、当財団がその費用の一部を負担することによって、地域の振興に寄与することを目的とします。


２．助成対象
(1)学校の児童生徒が行う郷土文化の伝承活動への助成
(2)郷土文化保存会等が行う郷土文化の保存と活用への助成
(3)地域の伝統的建造物の保存と活用への助成
(4)伝統文化交流への助成
(5)芸術文化の振興及び郷土の歴史文化に関する活動への助成
(6)学生等の受入による地域住民との文化交流、人材育成の促進への助成
(7)地域伝統産業の振興及び活動への助成
(8)学生等の受入による地域伝統産業に携わる人材育成の促進への助成


３．助成金額及び助成件数
原則として、助成金は事業規模に見合う適正な金額とし、1件あたりの助成金は10万円か
ら300万円以内を基準とし、また、補助率は助成事業費総額の80%以内とします。


４．応募資格
(1)学校、民間の団体（法人格の有無は問いません。）又は個人
(2)日本国内に活動拠点があること
(3)2 年以上の活動実績があること





５．応募方法
当財団所定の申請書に必要書類をそえて財団事務局まで郵送願います。
（応募要領及び申請書は、当財団ホームページからダウンロードするか、財団事務局に請
求いただければお送りします。）




6．申請受付期間・スケジュール

2026年度は、年2回の募集とします。
第１回申請受付期間：2025年12月1日(月)～2026年1月30日(金)
第２回申請受付期間：2026年  6月1日(月)～2026年7月24日(金)
事業実施期間　　　：2026年  4月1日(水)～2027年3月31日(水)

※第1回の募集で、助成金上限に達した場合は、第2回の募集は実施いたしません。




7．申請手続きについて

当財団所定の申請書に必要書類をそえて財団事務局まで郵送願います。
募集要項及び申請書は、当財団ホームページ「募集要項」からダウンロードするか、財団事務局にご請求ください。




詳しくは助成団体のWEBサイトよりご確認ください。

小森文化科学財団 2026年度　助成金事業について


また、助成事業に関してお聞きになりたいことがありましたら、下記事務局までお問い合わせください。


一般財団法人小森文化科学財団
〒287-0041 千葉県香取市玉造三丁目1番5号
事務局 office@komorifound.or.jp",,,event,"[""募集・支援情報"",""まちづくり"",""教育"",""産業"",""その他""]",31.5966,130.5571,2025-11-30T15:00:00.000Z,2026-01-29T15:00:00.000Z,true,2025-11-30T15:00:00.000Z,2026-01-29T15:00:00.000Z,https://www.kcic.jp/admin/wp-content/uploads/2025/12/f5ae8e47df1579dc011f0d1b978ac666-400x400.png,,0,0,2026-02-16T05:12:28.746Z,2026-02-16T05:12:28.746Z
